Member Name,Member Number,ID Number,Producer Country,Coordinates,Area
Producer 1,1,1845018,Kenya,"[-1.1751817875665522° S, 36.76987934857607° E]; [-1.1752210066220923° S, 36.77017606794834° E]; [-1.1748133965820928° S, 36.770229041576385° E]; [-1.1747674734077385° S, 36.76995076239109° E]",
Producer 2,2,8174589,Indonesia,"[107°46'35.498"""" E, 7°8'31.500"""" S]",4
Producer 3,3,1845018,Indonesia,"[-1.1751972038274912° S, 36.76989950120927° E]",3.4
Producer 4,4,8742139,Kenya,"[7°7'51.591"""" S,107°46'8.223"""" E]",2.12
Producer 5,5,4439051,Kenya,"[1°9'49.94"""" S, 36°47'45.66"""" E]; [1°9'46.76"""" S, 36°47'51.10"""" E]; [1°9'48.56"""" S, 36°47'51.01"""" E]; [1°9'51.04"""" S, 36°47'46.22"""" E]",
Producer 6,6,7253042,Kenya,"[-1.1763861192191511° S, 36.77394585137355° E]; [-1.1761123755221876° S, 36.77344262821897° E]; [-1.175610540673679° S, 36.773584688115335° E]; [-1.1757974777753886° S, 36.774149310328916° E]",